5-1-2014;47
12-1-2014;44
19-1-2014;46
26-1-2014;45
2-2-2014;39
9-2-2014;49
16-2-2014;41
23-2-2014;77
2-3-2014;61
9-3-2014;33
16-3-2014;28
23-3-2014;29
30-3-2014;25
6-4-2014;24
13-4-2014;22
20-4-2014;19
27-4-2014;18
4-5-2014;18
11-5-2014;17
18-5-2014;18
25-5-2014;20
1-6-2014;18
8-6-2014;19
15-6-2014;18
22-6-2014;16
29-6-2014;17
6-7-2014;16
13-7-2014;16
20-7-2014;16
27-7-2014;15
3-8-2014;16
10-8-2014;19
17-8-2014;17
24-8-2014;15
31-8-2014;17
7-9-2014;18
14-9-2014;16
21-9-2014;17
28-9-2014;17
5-10-2014;19
12-10-2014;16
19-10-2014;15
26-10-2014;14
2-11-2014;15
9-11-2014;18
16-11-2014;15
23-11-2014;14
30-11-2014;15
7-12-2014;17
14-12-2014;16
21-12-2014;18
28-12-2014;15
4-1-2015;18
11-1-2015;20
18-1-2015;16
25-1-2015;17
1-2-2015;15
8-2-2015;16
15-2-2015;17
22-2-2015;14
1-3-2015;16
8-3-2015;16
15-3-2015;15
22-3-2015;14
29-3-2015;14
5-4-2015;14
12-4-2015;13
19-4-2015;13
26-4-2015;12
3-5-2015;13
10-5-2015;14
17-5-2015;14
24-5-2015;14
31-5-2015;13
7-6-2015;12
14-6-2015;16
21-6-2015;13
28-6-2015;16
5-7-2015;17
12-7-2015;16
19-7-2015;14
26-7-2015;15
